{"cameraMode":{"drawMode":2,"name":"Shaded Wireframe","section":"Shading Mode"},"sceneLighting":false,"audioPlay":false,"sceneViewState":{"m_AlwaysRefresh":false,"showFog":false,"showSkybox":false,"showFlares":false,"showImageEffects":false,"showParticleSystems":false,"showVisualEffectGraphs":true,"m_FxEnabled":true},"in2DMode":false,"pivot":{"x":0.00000667572021484375,"y":3.4930403232574465,"z":2.6038596630096437},"rotation":{"x":0.1915968805551529,"y":-0.09992117434740067,"z":0.019612932577729226,"w":0.9761769771575928},"size":4.576777458190918,"orthographic":false}