{"cameraMode":{"drawMode":2,"name":"Shaded Wireframe","section":"Shading Mode"},"sceneLighting":false,"audioPlay":false,"sceneViewState":{"m_AlwaysRefresh":false,"showFog":false,"showSkybox":false,"showFlares":false,"showImageEffects":false,"showParticleSystems":false,"showVisualEffectGraphs":true,"m_FxEnabled":true},"in2DMode":false,"pivot":{"x":0.00018477439880371094,"y":0.5082491636276245,"z":0.00003731250762939453},"rotation":{"x":0.1915968805551529,"y":-0.09992117434740067,"z":0.019612932577729226,"w":0.9761769771575928},"size":0.7014772295951843,"orthographic":false}